model,mae,r2
Null (猜平均),28.14655260644105,-0.044322680438449114
同學 RF (Train 2yr),28.240343712683565,-0.04835482592285545
同學 RF (Train 3yr),26.885798322674432,0.018568936549731796
ElasticNet +加權3×,24.627553508886947,0.19287688333741937
LSTM (RNN),25.432,0.121
